<?xml version="1.0" encoding="UTF-8"?>
<project-private xmlns="http://www.netbeans.org/ns/project-private/1">
    <editor-bookmarks xmlns="http://www.netbeans.org/ns/editor-bookmarks/2" lastBookmarkId="0"/>
    <open-files xmlns="http://www.netbeans.org/ns/projectui-open-files/2">
        <group>
            <file>file:/C:/Users/igore/Desktop/projetoQuartaJoao/ProjetoFinal/src/visao/AlterarUsuarioEmail.java</file>
            <file>file:/C:/Users/igore/Desktop/projetoQuartaJoao/ProjetoFinal/src/visao/AlterarProdutoPreco.java</file>
            <file>file:/C:/Users/igore/Desktop/projetoQuartaJoao/ProjetoFinal/src/visao/ListaProdutos.java</file>
            <file>file:/C:/Users/igore/Desktop/projetoQuartaJoao/ProjetoFinal/src/visao/RemoverUsuario.java</file>
            <file>file:/C:/Users/igore/Desktop/projetoQuartaJoao/ProjetoFinal/src/controle/Usuario.java</file>
            <file>file:/C:/Users/igore/Desktop/projetoQuartaJoao/ProjetoFinal/src/visao/Desvincular.java</file>
            <file>file:/C:/Users/igore/Desktop/projetoQuartaJoao/ProjetoFinal/src/visao/CadastroUsuario.java</file>
            <file>file:/C:/Users/igore/Desktop/projetoQuartaJoao/ProjetoFinal/src/entidade/ManterUsuario.java</file>
            <file>file:/C:/Users/igore/Desktop/projetoQuartaJoao/ProjetoFinal/src/visao/ListaUsuarios.java</file>
            <file>file:/C:/Users/igore/Desktop/projetoQuartaJoao/ProjetoFinal/src/visao/AlterarUsuario.java</file>
            <file>file:/C:/Users/igore/Desktop/projetoQuartaJoao/ProjetoFinal/src/visao/RemoverProduto.java</file>
            <file>file:/C:/Users/igore/Desktop/projetoQuartaJoao/ProjetoFinal/src/visao/AlterarProduto.java</file>
            <file>file:/C:/Users/igore/Desktop/projetoQuartaJoao/ProjetoFinal/src/visao/VincularProduto.java</file>
            <file>file:/C:/Users/igore/Desktop/projetoQuartaJoao/ProjetoFinal/src/entidade/Teste.java</file>
            <file>file:/C:/Users/igore/Desktop/projetoQuartaJoao/ProjetoFinal/src/visao/ListaVinculo.java</file>
            <file>file:/C:/Users/igore/Desktop/projetoQuartaJoao/ProjetoFinal/src/controle/Produto.java</file>
            <file>file:/C:/Users/igore/Desktop/projetoQuartaJoao/ProjetoFinal/src/entidade/DAO.java</file>
            <file>file:/C:/Users/igore/Desktop/projetoQuartaJoao/ProjetoFinal/src/visao/TelaInicial.java</file>
            <file>file:/C:/Users/igore/Desktop/projetoQuartaJoao/ProjetoFinal/src/visao/CadastroProduto.java</file>
        </group>
    </open-files>
</project-private>
